client_id,name,email,created_at
1,Genevra,en6bzdqbit@example.com,2023-03-30
2,Dulcinea,6tyq5l4eip@example.com,2023-08-22
3,Shaine,4xxz8wbpbt@example.com,2023-08-28
4,Arlina,clkpbsrhq7@example.com,2023-07-21
5,Allyce,xhgimkt2cj@example.com,2023-11-02
6,Nita,a66yjj6ekj@example.com,2023-08-14
7,Bertine,arker7baj4@example.com,2023-09-06
8,Mady,6cj2dgcdx6@example.com,2023-01-08
9,Genovera,czbn1k6nwp@example.com,2023-02-12
10,Adore,2t4c2vp32k@example.com,2023-06-10
11,Sadie,iph2eonb2e@example.com,2023-07-23
12,Daphne,bd3gum9amu@example.com,2023-07-13
13,Sheelagh,a0zjo7gttm@example.com,2023-01-30
14,Aili,r64j9b5rb2@example.com,2023-04-12
15,Audrie,jjm4cmpw2f@example.com,2023-04-15
16,Beverley,kq6njf8fau@example.com,2023-06-23
17,Raina,zt195v660m@example.com,2023-08-05
18,Jemie,blg59ge7dp@example.com,2023-07-18
19,Misha,777mvxpb2o@example.com,2023-08-11
20,Modestia,i7rvh3uv0u@example.com,2023-06-11
21,Camile,5en079apm6@example.com,2023-12-11
22,Lyssa,xy9mjoownz@example.com,2023-08-19
23,Lelah,lqtuf4g4ml@example.com,2023-07-04
24,Tami,dk6801a29w@example.com,2023-05-07
25,Lenna,8al46xf1tk@example.com,2023-03-26
26,Michaelina,wsy90c09td@example.com,2023-08-10
27,Latisha,lyviktdbdz@example.com,2023-09-02
28,Mellicent,54iwqd7qiq@example.com,2023-09-19
29,Jany,5ro0m5fntt@example.com,2023-06-26
30,Carlie,dygs6rzhzj@example.com,2023-07-22
31,Marnia,holn1lh7mv@example.com,2023-06-19
32,Larine,vum6k7pi39@example.com,2023-04-29
33,Jasmina,2w30cdp20c@example.com,2023-04-12
34,Ingrid,io4tajgqea@example.com,2023-11-09
35,Beatriz,265cckz0ic@example.com,2023-01-19
36,Elbertina,a9zcj4yr01@example.com,2023-04-25
37,Collen,9plton19zw@example.com,2023-12-26
38,Aryn,etozg9jkio@example.com,2023-10-01
39,Trudie,p7d2lrdktv@example.com,2023-05-29
40,Deirdre,rogvl65gdc@example.com,2023-01-11
41,Korrie,k0kiy7s0ng@example.com,2023-02-24
42,Alleen,2w38e0g8do@example.com,2023-02-09
43,Althea,sy8q5c91f3@example.com,2023-10-07
44,Priscilla,hopydq9pa8@example.com,2023-06-16
45,Ingrid,a9ljf20kae@example.com,2023-08-12
46,Lelah,tw9em1k0vs@example.com,2023-10-08
47,Rochette,0809w7whx9@example.com,2023-10-02
48,Ezmeralda,webqao6at4@example.com,2023-02-20
49,Daune,cmqltko3de@example.com,2023-05-14
50,Devina,9zk2zvde5m@example.com,2023-01-18
51,Luci,a8zwd6of63@example.com,2023-12-05
52,Rosene,75eswynero@example.com,2023-12-17
53,Goldie,430utiazd1@example.com,2023-08-06
54,Dolli,pgcamvziho@example.com,2023-09-10
55,Sissy,3yxi054cbs@example.com,2023-06-17
56,Yolane,ox7yphrevd@example.com,2023-05-08
57,Lucille,x8q4m5liyc@example.com,2023-03-05
58,Joelly,43ws5dudkf@example.com,2023-07-30
59,Kathy,o82fmup4gu@example.com,2023-09-27
60,Donetta,yrflu3fpdb@example.com,2023-04-30
61,Calla,94zrsm08yc@example.com,2023-08-05
62,Madeleine,fkc3vnh8kk@example.com,2023-04-29
63,Tori,p4ccf7euvi@example.com,2023-10-13
64,Jenda,4t4seftu5h@example.com,2023-09-24
65,Tracey,d1trloxecb@example.com,2023-06-01
66,Diena,m180crdrsy@example.com,2023-08-09
67,Letizia,05a6ljykwg@example.com,2023-01-13
68,Judy,e5t7tazqzm@example.com,2023-12-05
69,Corene,qo6nc9y5yp@example.com,2023-04-13
70,Teddie,gqeoorac7o@example.com,2023-06-16
71,Vere,g263vl1ryu@example.com,2023-05-24
72,Sabina,hdueg4nlmu@example.com,2023-11-06
73,Laurene,mj4gov85xy@example.com,2023-01-12
74,Alyda,5nmtch62fs@example.com,2023-03-31
75,Justinn,96tpab9x4i@example.com,2023-08-25
76,Dorene,tj5bpzgj3w@example.com,2023-07-29
77,Helsa,lvza657ub6@example.com,2023-09-05
78,Bill,uwhxrtm4f3@example.com,2023-03-15
79,Monika,ik271myugg@example.com,2023-12-10
80,Kathy,cikgzrffjr@example.com,2023-10-30
81,Philis,supzwum03w@example.com,2023-02-12
82,Annabela,rzl74tinik@example.com,2023-08-19
83,Gui,8sig7zfm8z@example.com,2023-11-17
84,Konstance,hybdvm004j@example.com,2023-12-29
85,Claresta,d1x5ad5nik@example.com,2023-05-22
86,Zondra,gks4x2mzf5@example.com,2023-08-16
87,Ardeen,9tj9e1l2wr@example.com,2023-08-23
88,Shaylyn,nmdzuvc7uv@example.com,2023-12-26
89,Tonia,gd4pyilp9m@example.com,2023-01-20
90,Carly,qf9zf3jgpa@example.com,2023-02-12
91,Kimberley,zfrpamzhrh@example.com,2023-10-16
92,Eadie,4aw7770tcx@example.com,2023-07-14
93,Harrietta,pr6ykxkfr2@example.com,2023-01-24
94,Dari,sdrzaa9xqh@example.com,2023-06-19
95,Tina,xfdomb38fd@example.com,2023-09-18
96,Shaylyn,rawcg1ds9u@example.com,2023-09-08
97,Alejandra,5r69b2h3fo@example.com,2023-02-05
98,Tracey,qou228eayk@example.com,2023-04-09
99,Fanchon,rbxh7txknn@example.com,2023-04-17
100,Lesly,secwcad0sa@example.com,2023-03-21
101,Riannon,8ti8ira1x5@example.com,2023-06-14
102,Alisha,8v85yowwvf@example.com,2023-04-30
103,Catharine,lmi1v0pll4@example.com,2023-01-31
104,Louella,hc41im6qu8@example.com,2023-07-25
105,Gwenneth,gjmzgio11a@example.com,2023-02-05
106,Audrie,gscn57fe4w@example.com,2023-10-01
107,Carmela,869pb63csz@example.com,2023-01-22
108,Kathy,xtq7kebfya@example.com,2023-01-02
109,Peri,4b322qinli@example.com,2023-02-28
110,Correy,ebhul3bdov@example.com,2023-03-10
111,Tamqrah,u0576q5avp@example.com,2023-07-09
112,Marylou,qiezelgr1a@example.com,2023-05-14
113,Tomasina,xukt86yawu@example.com,2023-02-05
114,Gale,guwguplnio@example.com,2023-07-25
115,Dode,yjo0bzottg@example.com,2023-01-08
116,Anallese,yw1t612ktb@example.com,2023-05-21
117,Deane,pfhd01aipf@example.com,2023-11-09
118,Vevay,v4vrtzylif@example.com,2023-03-25
119,Shandie,kxdesvr575@example.com,2023-01-17
120,Gilda,7e272o7kdr@example.com,2023-10-18
121,Valera,f4x1ev32au@example.com,2023-01-20
122,Gretal,y1p2rjm02c@example.com,2023-01-15
123,Vinita,4q82dfo5d8@example.com,2023-08-15
124,Brandise,pafpsv2ppb@example.com,2023-10-15
125,Alejandra,841p2c1bo1@example.com,2023-06-07
126,Jordan,ipagd3tvvp@example.com,2023-10-13
127,Clarice,35mdct1lht@example.com,2023-05-20
128,Cristabel,3gffso1ejb@example.com,2023-04-24
129,Jolyn,3nd8f8bbvf@example.com,2023-12-27
130,Katharina,6b9saotawr@example.com,2023-05-27
131,Vinita,w0aquwt7nl@example.com,2023-07-19
132,Pierette,5jh30pq14t@example.com,2023-06-23
133,Dulce,vl9jqj6b36@example.com,2023-12-27
134,Alyda,ovayhnman6@example.com,2023-04-27
135,Sabina,qfefn92xdi@example.com,2023-11-21
136,Valli,ao29tjaksx@example.com,2023-03-25
137,Marti,wyyxcygu1a@example.com,2023-10-26
138,Ingrid,3d9ej624me@example.com,2023-05-15
139,Neila,3rii9m75z7@example.com,2023-09-08
140,Fredericka,zijeqkg3ld@example.com,2023-01-23
141,Kellen,l4eoa86nqw@example.com,2023-12-02
142,Michaelina,10glwp3yg5@example.com,2023-08-24
143,Konstance,lzo38v7qy4@example.com,2023-02-28
144,Janey,08ushhkfq7@example.com,2023-07-01
145,Maryellen,i4n3vbzkvy@example.com,2023-07-27
146,Cherrita,ofqc3tr747@example.com,2023-12-20
147,Elfreda,hnijyewfkj@example.com,2023-02-23
148,Nananne,xu6qjw49hn@example.com,2023-04-17
149,Juliane,ycnkbdtf5k@example.com,2023-09-24
150,Viki,mssgqc4mm5@example.com,2023-03-15
151,Mariele,9ozs0fpp7y@example.com,2023-08-25
152,Mahalia,wzw507pouc@example.com,2023-10-11
153,Bibby,v12j3zong3@example.com,2023-02-04
154,Sissy,mvibt1sc4j@example.com,2023-03-30
155,Amara,4il4bz2tdc@example.com,2023-05-19
156,Tracey,d7om3gj3vu@example.com,2023-11-19
157,Mary,o70vvlqd5w@example.com,2023-10-18
158,Norine,q23rsg7evn@example.com,2023-09-29
159,Corina,qr1h0i0eof@example.com,2023-05-21
160,Nadine,iut8scyeli@example.com,2023-08-15
161,Glenda,150w5y44pi@example.com,2023-05-24
162,Daphne,r4yjnpx62i@example.com,2023-05-03
163,Christal,xpde9z1g10@example.com,2023-11-19
164,Cherrita,f20tb3lufu@example.com,2023-04-27
165,Annabela,jgrmwyja7a@example.com,2023-08-31
166,Fayre,p60c57pxed@example.com,2023-03-04
167,Cassandra,ah9y5dmjrj@example.com,2023-03-29
168,Netty,x2d6z8cskh@example.com,2023-02-07
169,Alia,ert5n70e7d@example.com,2023-01-28
170,Margette,llm0f38xnu@example.com,2023-01-24
171,Teddie,7cyxu38la5@example.com,2023-09-26
172,Babita,jhrrvl0el4@example.com,2023-05-05
173,Feliza,ahcf4ymglf@example.com,2023-05-07
174,Merrie,julz3wr5w0@example.com,2023-01-10
175,Camile,naxubwkslw@example.com,2023-04-17
176,Jackie,s2qqz27rkf@example.com,2023-08-20
177,Anestassia,0c39e97c56@example.com,2023-01-19
178,Imojean,g8igouhkpe@example.com,2023-04-18
179,Aurelie,tzvjveuynm@example.com,2023-06-27
180,Modestia,3b9wcblaft@example.com,2023-10-03
181,Goldie,p1jh55tx10@example.com,2023-01-09
182,Debee,ddtil9l1zv@example.com,2023-07-05
183,Ericka,tk52ypjf58@example.com,2023-01-14
184,Corene,fbayhjlvh7@example.com,2023-08-09
185,Philis,7cyjur410t@example.com,2023-08-28
186,Charissa,5txomg1bi3@example.com,2023-02-06
187,Lila,ye5nw8b4w3@example.com,2023-05-04
188,Charissa,67q9lmu22i@example.com,2023-08-22
189,Marcelline,2zsdawg192@example.com,2023-08-11
190,Rozele,ffg15ptyrq@example.com,2023-01-02
191,Dawn,pdb6u93wer@example.com,2023-01-16
192,Vivia,vz997s3ujs@example.com,2023-07-18
193,Lindie,nvrwd2yivw@example.com,2023-02-12
194,Ursulina,pscaki7xhp@example.com,2023-06-22
195,Danika,0vmfu2ihj7@example.com,2023-04-16
196,Brana,7mpurnswrp@example.com,2023-08-07
197,Liana,ykns6m9nfm@example.com,2023-12-22
198,Katuscha,i4ngidn290@example.com,2023-02-24
199,Rozele,8keswwrlre@example.com,2023-08-05
200,Tobe,jeh6zqfzwz@example.com,2023-01-23
201,Lesly,yjzxopzpaj@example.com,2023-06-29
202,Ardeen,ntp6s567vh@example.com,2023-06-17
203,Britni,a3roy4xre4@example.com,2023-03-08
204,Ketti,7kfr0twx98@example.com,2023-08-22
205,Jacquetta,fwc3rrp3re@example.com,2023-09-06
206,Mireielle,wehzpolu7t@example.com,2023-09-06
207,Eve,cqkodxhn1a@example.com,2023-03-27
208,Marline,s7qqvesttw@example.com,2023-12-13
209,Clary,3tqojyrgo9@example.com,2023-01-17
210,Lexine,6h459do6t5@example.com,2023-11-22
211,Mignon,w4fhntb4yn@example.com,2023-11-30
212,Carilyn,n299l332my@example.com,2023-02-23
213,Millie,678abj7j72@example.com,2023-09-07
214,Bee,8oq7vu0obi@example.com,2023-06-01
215,Gianina,2k1ka5i3zj@example.com,2023-08-16
216,Nerta,ptk75j9noo@example.com,2023-08-07
217,Kassey,swdk4x4ujn@example.com,2023-02-07
218,Starla,4qzanjeo8x@example.com,2023-01-17
219,Karena,xs9ksx9bnp@example.com,2023-07-02
220,Cherilyn,6oth57tovn@example.com,2023-09-11
221,Leeanne,q33zzsqo46@example.com,2023-11-17
222,Adele,9xw7125zoi@example.com,2023-10-24
223,Danika,biuo4naugv@example.com,2023-01-12
224,Penelopa,ing6rahmmh@example.com,2023-01-14
225,Belinda,fdd2l8akhn@example.com,2023-10-26
226,Lindie,29thietqgw@example.com,2023-07-16
227,Sandie,9vm4o7yu3f@example.com,2023-10-30
228,Merle,xtzkafiqd7@example.com,2023-02-11
229,Yvonne,c1n2urszu1@example.com,2023-04-27
230,Shannah,z39q5w62yo@example.com,2023-10-26
231,Lexine,1du1x81hdq@example.com,2023-08-28
232,Elyssa,yxjwejyegh@example.com,2023-03-10
233,Karina,sr7s3nckw9@example.com,2023-12-07
234,Dacia,d9amuj36un@example.com,2023-09-12
235,Valli,f05xmikmgu@example.com,2023-11-02
236,Bibby,ltepehoggd@example.com,2023-06-28
237,Monika,95s933wdqg@example.com,2023-08-07
238,Rosabelle,rck3apcfo3@example.com,2023-05-20
239,Shannah,qu1wt7bc75@example.com,2023-09-17
240,Constance,9dtkx4swnj@example.com,2023-03-12
241,Aeriela,uxk6xuql21@example.com,2023-08-28
242,Raf,hcwbwtj1uu@example.com,2023-10-04
243,Veda,bd9b99twyo@example.com,2023-11-12
244,Kristan,5odpm3qtkj@example.com,2023-02-18
245,Margarette,3ravaxygtr@example.com,2023-07-23
246,Rosene,1u2jvg9km9@example.com,2023-08-21
247,Audrie,58grp1c35n@example.com,2023-03-14
248,Letizia,6jztihjvk7@example.com,2023-01-24
249,Alejandra,7q78vupkpk@example.com,2023-04-01
250,Cyndie,gidf847yks@example.com,2023-09-01
251,Marleah,jdfyq3wjvd@example.com,2023-06-04
252,Mildrid,jmztd05pb2@example.com,2023-10-11
253,Sharlene,8v2p0xv3dp@example.com,2023-02-27
254,Julieta,mj5spxo6g1@example.com,2023-04-30
255,Alex,4la5wgl4tr@example.com,2023-09-11
256,Alyssa,sj9vwgxhvn@example.com,2023-06-04
257,Annaliese,9y21sg7nq5@example.com,2023-01-17
258,Babita,iiwy36lbix@example.com,2023-12-24
259,Lorie,wrinrg1xdh@example.com,2023-10-23
260,Sharlene,76feqcv6w9@example.com,2023-03-18
261,Arlena,57074gjrro@example.com,2023-11-28
262,Kittie,df7f2izcft@example.com,2023-04-27
263,Esmeralda,53kr9419xe@example.com,2023-12-24
264,Sharai,2li0vknurx@example.com,2023-08-26
265,Miquela,iqlqifqnsw@example.com,2023-02-03
266,Krystle,ka0rya1ul2@example.com,2023-11-09
267,Aubrie,3izaqmn009@example.com,2023-09-17
268,Gloria,yor39ebrwr@example.com,2023-05-13
269,Nannie,7qa7m9vdbb@example.com,2023-11-30
270,Olivette,azr17rz51t@example.com,2023-02-08
271,Sidoney,lwg3gxlrhm@example.com,2023-02-21
272,Darci,muwrolr9u9@example.com,2023-12-26
273,Vita,w5bl0fqhzr@example.com,2023-05-12
274,Bettine,enf1xnm9zy@example.com,2023-12-04
275,Merry,e4xdjkw3j8@example.com,2023-05-11
276,Fidelia,vk71wjl4hl@example.com,2023-10-09
277,Jany,v1ue5x4g2v@example.com,2023-09-16
278,Margarette,gpf2kc75bw@example.com,2023-08-11
279,Dominga,2yhwe01fva@example.com,2023-10-04
280,Laure,xmm7obvkvj@example.com,2023-05-08
281,Adele,9i7taz8lko@example.com,2023-04-24
282,Aubrie,0549q1byaa@example.com,2023-07-28
283,Delilah,u7c5jp0tkq@example.com,2023-05-08
284,Mellicent,z5ayei0vnz@example.com,2023-03-23
285,Alyssa,xrmn1v6606@example.com,2023-03-09
286,Stevana,9ixvq7dn2a@example.com,2023-12-27
287,Oralee,5mm615sa2z@example.com,2023-02-07
288,Minne,13nyff2sag@example.com,2023-03-07
289,Kimmy,w1dkpmxmms@example.com,2023-03-11
290,Gui,mnr9gdpj3y@example.com,2023-10-14
291,Dede,q08tsrp5pa@example.com,2023-12-04
292,Sherrie,dcb03gje2y@example.com,2023-08-07
293,Nadine,zutrkqom2m@example.com,2023-05-23
294,Lilith,mloypvprtj@example.com,2023-06-18
295,Helsa,wdufek1i5m@example.com,2023-04-20
296,Micheline,cnho3eu1z0@example.com,2023-09-14
297,Cherrita,7z5perh6v4@example.com,2023-02-28
298,Cathyleen,wkqc3rbi8l@example.com,2023-03-09
299,Sybille,jvb1e076wd@example.com,2023-02-21
300,Randa,z1ff7seub1@example.com,2023-04-22
301,Britni,994hdgc1ln@example.com,2023-06-30
302,Kial,0cs5r447e3@example.com,2023-09-05
303,Dari,42ii5b836s@example.com,2023-02-27
304,Reeba,g6556jwp2k@example.com,2023-04-17
305,Elbertina,1hi2mrffyp@example.com,2023-09-17
306,Kittie,qbv8o85f8j@example.com,2023-01-29
307,Kirbee,bnnkizrddg@example.com,2023-04-15
308,Carol-Jean,yy0q9cuw7e@example.com,2023-02-18
309,Wileen,s8s8lyv0sb@example.com,2023-02-01
310,Rhoda,0ejek1k1od@example.com,2023-01-09
311,Minda,7e1yyfp57i@example.com,2023-05-14
312,Hettie,lfmbawrnc2@example.com,2023-02-15
313,Violet,9wpgrdo6ji@example.com,2023-06-08
314,Babita,qrewb5453x@example.com,2023-02-04
315,Micheline,wfwm89xbco@example.com,2023-01-03
316,Emma,gf53rn69h5@example.com,2023-11-26
317,Lucille,o9j52y1hps@example.com,2023-06-25
318,Merci,0276iu5qiw@example.com,2023-02-17
319,Lenna,kl7kjoa5cx@example.com,2023-06-16
320,Libbie,98wpfqumjh@example.com,2023-08-05
321,Jany,ohpvqi8dba@example.com,2023-02-03
322,Valeda,s8k34ar2jl@example.com,2023-06-25
323,Celestyna,wuqgjsal1o@example.com,2023-03-30
324,Aurelie,m2o38mynmr@example.com,2023-02-19
325,Lorne,yqdc2ape37@example.com,2023-09-25
326,Belinda,f8jly6ockf@example.com,2023-09-01
327,Phedra,ues53x5zvm@example.com,2023-06-01
328,Dorthy,d73q24nd30@example.com,2023-09-04
329,Zsa Zsa,jgtmynwqss@example.com,2023-04-02
330,Sibella,2fa1mqfk7v@example.com,2023-02-27
331,Gwenneth,pi5nriiovh@example.com,2023-05-22
332,Marcy,iwrlmblbun@example.com,2023-05-29
333,Minda,oyf0em4jyu@example.com,2023-02-28
334,Christal,q1gp0i96kw@example.com,2023-01-25
335,Celestyna,e298zwxn8x@example.com,2023-10-05
336,Zondra,wf8bkmnae1@example.com,2023-08-24
337,Ronna,bf99p4yi0l@example.com,2023-09-26
338,Mathilda,tvm2zny63e@example.com,2023-05-07
339,Jenda,jk8l2yii14@example.com,2023-04-29
340,Brandise,tzi54mqzjs@example.com,2023-07-01
341,Tami,9b8560k96c@example.com,2023-02-17
342,Renae,980upxofhs@example.com,2023-05-29
343,Ardenia,p124olp3gw@example.com,2023-12-12
344,Karolina,y7laafnkhd@example.com,2023-09-04
345,Therine,pbxlhocinw@example.com,2023-03-02
346,Willetta,qeeu4fv4xz@example.com,2023-09-12
347,Tiffie,hlffy77pul@example.com,2023-01-15
348,Johna,id1dinwmxh@example.com,2023-08-15
349,Edyth,lknjkwygfh@example.com,2023-08-08
350,Marsiella,k47q5cacc8@example.com,2023-01-17
351,Katuscha,otpzazf6y4@example.com,2023-03-20
352,Clo,f2mak3141z@example.com,2023-10-06
353,Philis,tun7688cik@example.com,2023-03-01
354,Sean,wn6gpj9f0h@example.com,2023-04-25
355,Mary,utlyn1fnwm@example.com,2023-09-16
356,Ada,g8s4s8mk0r@example.com,2023-03-31
357,Reeba,f5t7y5dax0@example.com,2023-11-06
358,Jenda,41ight7ttq@example.com,2023-10-20
359,Millie,p17wtswug3@example.com,2023-03-17
360,Minne,5vthv2e2oi@example.com,2023-04-10
361,Barbi,jok28g7gxq@example.com,2023-07-18
362,Phylis,a84lh6hr9y@example.com,2023-05-02
363,Calla,bo3g9vqs8d@example.com,2023-12-30
364,Winny,n2riviwvtr@example.com,2023-04-06
365,Vonny,wl4qm4y21r@example.com,2023-02-15
366,Melodie,tzjw7r24zh@example.com,2023-12-19
367,Estell,pyds3yje87@example.com,2023-05-07
368,Ulrike,owby2uqzk7@example.com,2023-04-30
369,Anestassia,ta7jtgebqs@example.com,2023-10-08
370,Raquela,7y3t1ukrtx@example.com,2023-01-13
371,Bernardine,8jt09pg8rq@example.com,2023-12-11
372,Tierney,17kq9rrnhr@example.com,2023-03-18
373,Aimil,y0ygoi84yu@example.com,2023-10-06
374,Shaine,pwwwk9tq3h@example.com,2023-12-01
375,Mildrid,q39sp98lv3@example.com,2023-09-28
376,Elfreda,01yymla21f@example.com,2023-10-16
377,Margette,3f3d63vct0@example.com,2023-02-03
378,Marleah,kibogbkvgz@example.com,2023-07-01
379,Deane,7f5wmfff0v@example.com,2023-05-02
380,Lyssa,9lb73i0zx7@example.com,2023-03-03
381,Debee,gem4um6ra6@example.com,2023-06-15
382,Agathe,1bju4jo55s@example.com,2023-11-26
383,Raf,3d8bzkzsga@example.com,2023-09-09
384,Tami,e1s2tyxrht@example.com,2023-07-21
385,Sophia,c3kbxjqzro@example.com,2023-03-14
386,Fanny,zinnb6rnx3@example.com,2023-12-31
387,Hope,0obw8um60t@example.com,2023-10-03
388,Teddie,6jeadglwr0@example.com,2023-05-05
389,Keelia,e08ap57v2y@example.com,2023-07-10
390,Ulrike,vber4lr96b@example.com,2023-05-31
391,Catharine,vsff0wnlww@example.com,2023-12-08
392,Morganica,gh7b4xnqt9@example.com,2023-01-26
393,Hope,8t27prxlls@example.com,2023-06-11
394,Laure,52qbyehm03@example.com,2023-11-25
395,Vevay,52jiqhs0we@example.com,2023-08-15
396,Maridel,qr8546ckph@example.com,2023-05-22
397,Arabel,ridaijrwek@example.com,2023-05-06
398,Jemie,7av2p3cr8c@example.com,2023-12-18
399,Monika,4ahusnnsa2@example.com,2023-08-11
400,Lesly,gg6c108oj1@example.com,2023-03-03
401,Tonia,qyqipf9u42@example.com,2023-10-03
402,Bill,pxogx1kumw@example.com,2023-01-28
403,Lynnea,vihye8x2i3@example.com,2023-09-14
404,Ruthe,wn4wb3lkru@example.com,2023-03-27
405,Dyann,nq30fride4@example.com,2023-11-07
406,Teddie,qs5ufuf7yz@example.com,2023-05-08
407,Perry,hl274igypb@example.com,2023-12-13
408,Nadine,eqtykylvrv@example.com,2023-12-05
409,Averyl,wpu3lx1ytd@example.com,2023-06-22
410,Maye,5jl80tb3i7@example.com,2023-08-15
411,Pamella,llmxwv3n6u@example.com,2023-02-20
412,Kimmy,4m1w089n0y@example.com,2023-09-20
413,Dotty,yf9uih9wxw@example.com,2023-12-15
414,Blinni,yz3upm06m0@example.com,2023-07-11
415,Cathyleen,w6ibb7mwbt@example.com,2023-03-31
416,Linet,f21k1na8sl@example.com,2023-02-22
417,Alyssa,tapf4i702h@example.com,2023-05-17
418,Carlie,k92q3wm7t7@example.com,2023-07-28
419,Latisha,lq6bm8dmd6@example.com,2023-06-26
420,Glynnis,tuzhwh5ew6@example.com,2023-02-06
421,Ilse,xmdeyf34nh@example.com,2023-12-26
422,Allyce,d3nfu80zqe@example.com,2023-07-31
423,Elise,1ai7590lsq@example.com,2023-04-02
424,Hannis,fraxyza240@example.com,2023-05-16
425,Juliane,6t678lp6f0@example.com,2023-06-30
426,Moyna,jz87k70oug@example.com,2023-11-18
427,Desirae,njquyom1ji@example.com,2023-12-24
428,Romona,i85qfafuy2@example.com,2023-04-20
429,Celene,3jgzc4ibr7@example.com,2023-05-23
430,Cacilie,17ow1uyu15@example.com,2023-07-27
431,Lanae,zjvfbw9cu7@example.com,2023-05-17
432,Heida,9ookilewbc@example.com,2023-03-12
433,Lesly,i5kl7i05o0@example.com,2023-08-09
434,Justinn,cuyt053cgc@example.com,2023-10-07
435,Zia,91k35bew1v@example.com,2023-01-20
436,Candi,nez0yhhorc@example.com,2023-02-25
437,Cam,pvhonjyv2b@example.com,2023-09-26
438,Deane,mdwsxhbrik@example.com,2023-03-01
439,Michaelina,d057ktnvuc@example.com,2023-06-06
440,Vonny,rkxk8r0g9v@example.com,2023-10-11
441,Consuela,dhf0kumcfk@example.com,2023-03-29
442,Harmonia,zg047fgj9b@example.com,2023-03-06
443,Nadine,9xwra6nk7h@example.com,2023-01-13
444,Karena,uzsmx9tzxp@example.com,2023-02-23
445,Nelle,udfpv6qpaz@example.com,2023-03-26
446,Tina,9etygjy2ta@example.com,2023-07-27
447,Elvira,nfv9bvvxjv@example.com,2023-10-02
448,Kirstin,qc1f2k4kc7@example.com,2023-12-24
449,Caritta,ez3ho5gshu@example.com,2023-05-08
450,Wileen,uo4g03knfa@example.com,2023-12-14
451,Natka,uvrvis5rnt@example.com,2023-10-24
452,Steffane,859ggiqq1s@example.com,2023-09-09
453,Kary,5gj8jn7aym@example.com,2023-06-16
454,Bernardine,upao8sjey3@example.com,2023-12-04
455,Vita,4lx42kno8d@example.com,2023-04-05
456,Blondelle,u2gzvs92l8@example.com,2023-08-12
457,Verla,olj9ycnb2b@example.com,2023-10-07
458,Veda,ybh50h1sj8@example.com,2023-03-15
459,Cathie,yodbk2mjms@example.com,2023-05-03
460,Tina,nsv939jd5l@example.com,2023-01-17
461,Edee,ois0cc64sl@example.com,2023-06-25
462,Alex,i4w1l0z1kj@example.com,2023-07-23
463,Donetta,khe85vd4x0@example.com,2023-06-05
464,Ketti,102kbvpdwk@example.com,2023-09-16
465,Candy,hh6elhjxgm@example.com,2023-08-19
466,Wanda,ftp4x4r252@example.com,2023-02-01
467,Dotty,vlbxug6aga@example.com,2023-06-16
468,Alleen,7hpawyd3cj@example.com,2023-12-24
469,Louella,i214w2koyu@example.com,2023-06-21
470,Stevana,e1pnta1oa9@example.com,2023-05-18
471,Merle,std9lnmb6h@example.com,2023-08-31
472,Bernardine,bufy2atgvu@example.com,2023-08-12
473,Asia,pqroqgz5h1@example.com,2023-11-28
474,Kristina,ouccimrxxp@example.com,2023-10-10
475,Hettie,d27ezuygo5@example.com,2023-05-18
476,Lynde,v12tjjfx4m@example.com,2023-11-27
477,Alameda,r749num3wr@example.com,2023-02-20
478,Aubrie,rkhe0bwqci@example.com,2023-11-09
479,Fred,1h5s5y6cji@example.com,2023-12-16
480,Helsa,97zq3brx3i@example.com,2023-05-25
481,Mariann,yuknmkbiuc@example.com,2023-02-28
482,Marita,ask7ya2de3@example.com,2023-01-25
483,Raina,gudqt7flnv@example.com,2023-10-17
484,Liana,y77xh8axqv@example.com,2023-10-21
485,Gwyneth,2wx25ttpii@example.com,2023-03-29
486,Minne,e8a1xw5fkw@example.com,2023-06-01
487,Regina,6ulljz1zw0@example.com,2023-01-23
488,Diena,ugeh4kvtg2@example.com,2023-09-10
489,Hope,n7sbx8ebd2@example.com,2023-09-25
490,Lexine,uhd0qifft9@example.com,2023-02-26
491,Fidelia,9cnjzhrs4c@example.com,2023-07-13
492,Ivett,cuy65x6dx6@example.com,2023-12-03
493,Celene,mp6dnrztoi@example.com,2023-04-30
494,Carmela,hcpinyk2c5@example.com,2023-12-04
495,Sabina,bhj7hm6ekk@example.com,2023-01-12
496,Modestia,gipa22w2mh@example.com,2023-01-04
497,Sherrie,ycijsjhdj2@example.com,2023-12-13
498,Benita,2ttyj0ga1j@example.com,2023-12-30
499,Constance,530madzido@example.com,2023-02-04
500,Ginnie,s14gg0fg58@example.com,2023-12-19
501,Nickie,hvh37u8nor@example.com,2023-03-28
502,Di,7u4pvj5icw@example.com,2023-08-28
503,Lilith,9sg5vc8id9@example.com,2023-04-28
504,Marika,4g95eki9dw@example.com,2023-11-28
505,Brietta,cnrbkb93e7@example.com,2023-11-04
506,Giustina,1p2crit1x2@example.com,2023-01-17
507,Kirstin,cdt9pjw1e5@example.com,2023-04-29
508,Agnese,383qdu4twt@example.com,2023-11-29
509,Luci,5cdd0ie2gf@example.com,2023-08-18
510,Asia,h0annb658w@example.com,2023-07-03
511,Johna,grh9r41mlt@example.com,2023-06-05
512,Ardys,sckn9tp5gj@example.com,2023-03-27
513,Jenilee,wqt2v639b4@example.com,2023-05-24
514,Emylee,qr4bht85gs@example.com,2023-07-18
515,Corene,bsd2nepozm@example.com,2023-10-22
516,Celestyna,b82pedl0ad@example.com,2023-01-18
517,Henriette,kfofs7p50m@example.com,2023-12-03
518,Cristine,m57qxt5ip7@example.com,2023-10-01
519,Ottilie,0uria83tgo@example.com,2023-08-16
520,Silvana,uf633tpg5b@example.com,2023-06-01
521,Ketti,h0bxm9mntt@example.com,2023-04-07
522,Caryl,ysq229jgzk@example.com,2023-02-08
523,Lita,8p0nxh2wbo@example.com,2023-09-24
524,Fidelia,0lvox7zwdh@example.com,2023-12-29
525,Shaylyn,pcwc0nbpcp@example.com,2023-01-09
526,Krystle,tan82rectm@example.com,2023-04-21
527,Roslyn,z9fuvrsr6c@example.com,2023-07-30
528,Rani,fd8k6t2v8z@example.com,2023-06-11
529,Ardeen,n0ooxkdcyj@example.com,2023-05-18
530,Elmira,7kpm8euxzm@example.com,2023-06-13
531,Renae,ca1gtw03dv@example.com,2023-01-10
532,Tierney,8dx9zagiov@example.com,2023-06-09
533,Phedra,b4wpouy3ox@example.com,2023-12-05
534,Marleah,90ekkju6mk@example.com,2023-10-21
535,Tierney,ppq5tmu0wm@example.com,2023-02-10
536,Shauna,r71x2baann@example.com,2023-03-28
537,Lorie,kvof22rt17@example.com,2023-03-03
538,Donnie,nnyuaj7ddb@example.com,2023-08-23
539,Annora,fus59uanwu@example.com,2023-12-05
540,Giustina,cehjrjltg3@example.com,2023-01-15
541,Ebonee,oa9tx0hqra@example.com,2023-04-21
542,Merrie,jspfbwtosz@example.com,2023-10-13
543,Pamella,eold1mv91r@example.com,2023-12-02
544,Arlina,tt1bzxcgw8@example.com,2023-04-04
545,Edee,h84x66rd71@example.com,2023-08-08
546,Melisent,qksp7szulg@example.com,2023-07-21
547,Myrtice,iinitmc66q@example.com,2023-04-25
548,Romona,6s5kibpce5@example.com,2023-04-30
549,Melanie,3csd7nttnz@example.com,2023-08-20
550,Tera,anwenx7ucj@example.com,2023-11-03
551,Nataline,yf9i9ivjar@example.com,2023-12-30
552,Sidoney,t8y0zyqvks@example.com,2023-02-22
553,Rani,vg7ep04181@example.com,2023-12-08
554,Adele,jzdjmoxb8a@example.com,2023-11-21
555,Heddie,2zwscuafd3@example.com,2023-02-01
556,Sabina,fayhyx3xyk@example.com,2023-02-08
557,Ariela,z1ogylsmys@example.com,2023-04-22
558,Hyacinthe,1qogzclq16@example.com,2023-08-06
559,Roberta,ioa2s05308@example.com,2023-09-01
560,Bibby,lp69eclx1j@example.com,2023-04-17
561,Gloria,8qm0xbjzm3@example.com,2023-10-21
562,Zondra,ij947d12od@example.com,2023-07-13
563,Krystle,etrfxy3rzb@example.com,2023-02-08
564,Blake,9b4kwr6j7m@example.com,2023-05-29
565,Genevra,3abirp9yhs@example.com,2023-08-25
566,Jennica,hn9gw0mkgv@example.com,2023-11-13
567,Ronna,x9humypa97@example.com,2023-12-24
568,Elbertina,xux7fgj4bh@example.com,2023-03-16
569,Barbara,39oeqjhn6j@example.com,2023-06-08
570,Sharlene,nb95ehpx9h@example.com,2023-06-18
571,Vonny,lf9c3ina9e@example.com,2023-02-28
572,Rani,0qna7rtkds@example.com,2023-09-14
573,Atlanta,tgvkkt4u3o@example.com,2023-05-06
574,Peri,p1uyfplnd7@example.com,2023-09-22
575,Adriana,vho913klim@example.com,2023-09-12
576,Lily,392o5auplr@example.com,2023-09-04
577,Ellette,3rcgvxtcx9@example.com,2023-07-21
578,Starla,na3v47sjq9@example.com,2023-03-26
579,Mamie,818ciwlbu4@example.com,2023-04-08
580,Dione,8jisk1abww@example.com,2023-10-01
581,Mignon,faadpe9guq@example.com,2023-02-02
582,Blinni,dhvy589o9y@example.com,2023-03-10
583,Fidelia,vxfujhc6gw@example.com,2023-05-17
584,Damaris,84wyf1h743@example.com,2023-03-19
585,Chandra,28d1tzgkpm@example.com,2023-12-17
586,Julieta,exr700er2j@example.com,2023-05-31
587,Benita,f3x9ksye5m@example.com,2023-09-28
588,Annabela,ly6xs5yo46@example.com,2023-03-07
589,Brena,hlcu54vuwz@example.com,2023-10-20
590,Estell,t6797kv0gb@example.com,2023-02-07
591,Cindelyn,dz2n9iz2jv@example.com,2023-05-31
592,Clarice,n4wtaf994d@example.com,2023-10-05
593,Viviene,ufz7z9dumq@example.com,2023-12-21
594,Shaine,dcggilmton@example.com,2023-01-05
595,Heida,4edmeb3sdy@example.com,2023-09-03
596,Olwen,chlzbqpnma@example.com,2023-10-27
597,Benita,svxc92qwba@example.com,2023-08-20
598,Yvonne,cpoykdi892@example.com,2023-05-22
599,Myrtice,22vr9n7m32@example.com,2023-09-24
600,Leanna,y8f1uut25t@example.com,2023-12-02
601,Debee,f8l91j9vxd@example.com,2023-03-31
602,Veda,n8m92c42hk@example.com,2023-12-06
603,Elbertina,u1pgk3oirv@example.com,2023-09-17
604,Lynea,qycgkbmqbs@example.com,2023-07-05
605,Glynnis,xygwwxzzz3@example.com,2023-09-03
606,Theodora,cgu4bcsocw@example.com,2023-03-12
607,Karina,a7bg2swu16@example.com,2023-06-11
608,Andeee,97959nklpa@example.com,2023-08-03
609,Fredericka,mzslfc2nye@example.com,2023-04-29
610,Jasmina,cyslyyjnf3@example.com,2023-05-31
611,Kirstin,eczfybvq6g@example.com,2023-10-12
612,Merrie,bfo3jc3aop@example.com,2023-08-20
613,Anica,pafm5avaz4@example.com,2023-11-25
614,Lyssa,y1ne4lp8nt@example.com,2023-11-04
615,Goldie,ihgs3b69hg@example.com,2023-10-28
616,Ricky,p3ylb8i570@example.com,2023-02-04
617,Damaris,8tee0vzuhs@example.com,2023-11-20
618,Ronna,ew4ahzvmi4@example.com,2023-10-11
619,Dolli,r2xhazup1c@example.com,2023-10-12
620,Desirae,blpn9vd686@example.com,2023-12-01
621,Ursulina,lkwqpypuxe@example.com,2023-02-23
622,Emelina,qje1l7az0u@example.com,2023-09-28
623,Evita,fngoeumsck@example.com,2023-02-04
624,Marti,jythk7jvwj@example.com,2023-12-06
625,Kristina,svdar0skhg@example.com,2023-07-24
626,Peri,blc4ogis0k@example.com,2023-06-03
627,Marylou,2h2mvkabre@example.com,2023-08-30
628,Ezmeralda,56646qa4un@example.com,2023-07-06
629,Kathy,01x4h664hu@example.com,2023-11-11
630,Marika,ud9hkhsjvi@example.com,2023-09-04
631,Deane,etofi8xb2t@example.com,2023-06-11
632,Jennica,r0xacw70wi@example.com,2023-12-12
633,Cecile,zcrf5qakcf@example.com,2023-12-06
634,Adele,s5nm05rdue@example.com,2023-12-25
635,Corry,dax47g1mq8@example.com,2023-02-05
636,Nickie,ypz32d012f@example.com,2023-05-27
637,Sheelagh,24w6ccgxyc@example.com,2023-12-21
638,Riannon,e5w7vyvvz6@example.com,2023-10-14
639,Susan,ulcq7aw8f0@example.com,2023-05-09
640,Lusa,1korkpcubs@example.com,2023-01-11
641,Amelia,v5w0kop2de@example.com,2023-07-22
642,Gusty,v9jajhs2ac@example.com,2023-11-21
643,Melodie,hpk635qofs@example.com,2023-07-29
644,Aigneis,qrr0nz68wc@example.com,2023-01-12
645,Ana,ckxoffhfkf@example.com,2023-07-29
646,Sheree,dzwmbcmerx@example.com,2023-12-15
647,Tressa,1ltvcdqekh@example.com,2023-08-26
648,Miquela,v0ttmxciye@example.com,2023-12-31
649,Janis,80df87lf6j@example.com,2023-03-19
650,Catharine,0jv9so99b2@example.com,2023-02-04
651,Frank,royefb9qnb@example.com,2023-05-27
652,Fred,vgief2kjhd@example.com,2023-02-03
653,Gwyneth,6x7f81mcxc@example.com,2023-01-29
654,Tiffie,a06krf5z4y@example.com,2023-11-22
655,Eadie,bv22jj9t5c@example.com,2023-01-09
656,Anallese,x9tt4pfl7t@example.com,2023-11-06
657,Drucie,rrp5w4llj7@example.com,2023-02-28
658,Danika,c9pv49jsv2@example.com,2023-02-14
659,Olwen,ukqvts4qtk@example.com,2023-12-05
660,Daune,4yg6z7skui@example.com,2023-08-31
661,Charlena,l90quqwuxr@example.com,2023-07-17
662,Sharlene,i58jnwfdot@example.com,2023-07-14
663,Norine,d73slevc5u@example.com,2023-10-17
664,Claresta,ki82b0tx4h@example.com,2023-04-16
665,Wynne,78mrgu98k6@example.com,2023-11-12
666,Leanna,3t4hsfjjd7@example.com,2023-02-08
667,Rhoda,c9v710e3eh@example.com,2023-04-03
668,Therine,24pbpgjap9@example.com,2023-10-10
669,Hannis,gpj69v7n72@example.com,2023-03-23
670,Aurore,731snvqe8o@example.com,2023-04-01
671,Fanchon,436m6zgmkb@example.com,2023-05-27
672,Grier,obqtozn34h@example.com,2023-10-19
673,Fernande,zmo1l9xqc2@example.com,2023-05-03
674,Camile,r14xtoabf8@example.com,2023-02-03
675,Ernesta,08uf00wj2t@example.com,2023-03-15
676,Quintina,wsv3gef1kz@example.com,2023-02-01
677,Blinni,bm0fr91fv1@example.com,2023-03-18
678,Allis,w50oryesvf@example.com,2023-05-17
679,Corene,dyqttft42i@example.com,2023-07-04
680,Desirae,h1fnfy8id4@example.com,2023-03-18
681,Nita,ih2w8ym5ju@example.com,2023-10-05
682,Max,2cexa7l2vp@example.com,2023-12-13
683,Linet,ziovdiob51@example.com,2023-06-13
684,Dulcinea,rqfnfjgxfu@example.com,2023-10-09
685,Florencia,ngjksv4s89@example.com,2023-09-30
686,Gaylene,jn2xosoae2@example.com,2023-02-28
687,Raina,1af9nlors1@example.com,2023-12-26
688,Priscilla,5wvc5tifrl@example.com,2023-03-30
689,Sindee,6p22lyudh7@example.com,2023-04-27
690,Maud,8n87th19n4@example.com,2023-04-03
691,Oralee,7t90fytgiq@example.com,2023-07-03
692,Brietta,8640kg0mjf@example.com,2023-03-08
693,Libbie,hvcfulkwc7@example.com,2023-08-08
694,Donetta,g2denhj3zx@example.com,2023-06-19
695,Sindee,zcytslfas2@example.com,2023-02-09
696,Dulcinea,d8ooie08fl@example.com,2023-12-12
697,Tomasina,dqfhjelv10@example.com,2023-07-10
698,Nonnah,fraex2loyq@example.com,2023-07-28
699,Karena,me2v342yne@example.com,2023-05-22
700,Bernie,ihluctbp42@example.com,2023-02-19
701,Elise,y5ggmgt3k2@example.com,2023-01-12
702,Quintina,4wpg2udg6z@example.com,2023-12-25
703,Frances,51n0iv3lbh@example.com,2023-03-24
704,Jemie,ld3yrduun9@example.com,2023-06-10
705,Nanete,cwglmlbjv8@example.com,2023-10-06
706,Patricia,kv55lgdaik@example.com,2023-10-21
707,Ginnie,dev2rr7ac6@example.com,2023-08-20
708,Lorie,9ariko71dn@example.com,2023-06-09
709,Dale,zi68g0fwaf@example.com,2023-07-21
710,Mariele,vdccs2t9a3@example.com,2023-12-24
711,Gianina,hfn85bfovh@example.com,2023-10-04
712,Meriel,9f95638scg@example.com,2023-09-03
713,Janenna,q1kfsmvsad@example.com,2023-03-06
714,Bill,edfhkatzg8@example.com,2023-12-07
715,Addia,8dz8p7u8ng@example.com,2023-08-31
716,Kimmy,9kg85fb6sf@example.com,2023-12-06
717,Estell,ez0isu8twp@example.com,2023-09-22
718,Candy,g361nq25vj@example.com,2023-10-27
719,Elie,fi7mihu9ma@example.com,2023-01-30
720,Angela,nole4lqxlz@example.com,2023-09-21
721,Gretal,jojecp14b1@example.com,2023-07-20
722,Vere,sctbshd98v@example.com,2023-07-29
723,Lilith,x8azzjqn8j@example.com,2023-03-13
724,Nikki,x4rxy36odt@example.com,2023-04-06
725,Brena,w1vxymrxzh@example.com,2023-08-25
726,Tonia,04j1b5bcia@example.com,2023-08-20
727,Mureil,v9rc7wkf9p@example.com,2023-08-12
728,Dione,i0de4ty4wr@example.com,2023-08-20
729,Darlleen,4k209yk0o2@example.com,2023-06-18
730,Lanna,51f8htmlmz@example.com,2023-07-17
731,Hildegaard,kacoy3ff1m@example.com,2023-09-06
732,Asia,e7zoz71nv4@example.com,2023-02-11
733,Jemie,4xcgxdabav@example.com,2023-10-05
734,Candy,wep5bd4qg9@example.com,2023-09-23
735,Dolli,jnofsmsqaf@example.com,2023-07-24
736,Jeanna,zfrfx1mlq1@example.com,2023-05-25
737,Beverley,bx59acrzv7@example.com,2023-10-10
738,Genevra,4vd853dl2d@example.com,2023-02-27
739,Katleen,xctsxttvdj@example.com,2023-11-26
740,Jacenta,aqkqlrcso3@example.com,2023-09-25
741,Claudina,a6dfu7wh6s@example.com,2023-10-17
742,Ninnetta,j5x2w874yc@example.com,2023-12-22
743,Kimberley,a9ub0oxy5l@example.com,2023-11-15
744,Leontine,ej0gsabr9n@example.com,2023-02-06
745,Dale,t9g6tt07l3@example.com,2023-02-05
746,Vonny,rog6b9wf7v@example.com,2023-07-18
747,Brandise,75bidvo9n7@example.com,2023-09-14
748,Tarra,ykyo437x9a@example.com,2023-01-06
749,Ekaterina,jrxy6vcn2f@example.com,2023-06-13
750,Diena,p5d5mnnbs6@example.com,2023-07-31
751,Cristabel,qirf2hozbv@example.com,2023-12-15
752,Margalo,b0cekv8epj@example.com,2023-07-08
753,Emelina,o0f5m241ma@example.com,2023-08-14
754,Sindee,81vervnb8l@example.com,2023-03-15
755,Ericka,eidrsqr7ur@example.com,2023-06-18
756,Brooks,ds9pt99th9@example.com,2023-05-26
757,Kial,4oxxo8tq82@example.com,2023-02-15
758,Roxane,o11a83iuyf@example.com,2023-11-23
759,Carlie,xseng0zh7k@example.com,2023-03-08
760,Doralynne,pmhadt3vkc@example.com,2023-05-09
761,Amara,82ycr1xpjk@example.com,2023-11-11
762,Lisette,dlr9jsc3hg@example.com,2023-10-28
763,Hildegaard,1fn1i9n2ll@example.com,2023-07-05
764,Joane,r1jgydpch0@example.com,2023-07-29
765,Karly,pgk9wi8cug@example.com,2023-04-25
766,Nananne,dsqzvv08ny@example.com,2023-07-30
767,Kirstin,3emkkip3y9@example.com,2023-06-02
768,Kaia,0s8a2ffr2y@example.com,2023-10-21
769,Rori,aacbsfdxmp@example.com,2023-12-21
770,Dagmar,fcmmsqrm6o@example.com,2023-08-02
771,Ardenia,ug93tympex@example.com,2023-08-16
772,Luci,e8rl98r3bi@example.com,2023-12-19
773,Luci,otxaj1l8ho@example.com,2023-10-11
774,Millie,qw9ty5wou0@example.com,2023-11-03
775,Aryn,isgkv5x7dj@example.com,2023-09-24
776,Mireielle,muqys5ktos@example.com,2023-11-03
777,Paola,rabip4jd00@example.com,2023-03-05
778,Florie,v7ayo2vb9u@example.com,2023-03-23
779,Florie,5fdka0n6rd@example.com,2023-09-21
780,Kimmy,2y9e0j1fck@example.com,2023-10-04
781,Delilah,0cya55ej4q@example.com,2023-10-28
782,Jacquetta,i1l9d44nqp@example.com,2023-03-04
783,Sean,odahjox7wh@example.com,2023-09-13
784,Dotty,magwukr69f@example.com,2023-12-01
785,Kirstin,8tkbzs551u@example.com,2023-02-03
786,Trudie,doir8nat5k@example.com,2023-01-30
787,Cindelyn,d5jcj1tj90@example.com,2023-10-08
788,Ardeen,jfpo4tu68c@example.com,2023-04-23
789,Adelle,h5lrp2giny@example.com,2023-11-09
790,Lexine,ewuemwisao@example.com,2023-05-20
791,Wynne,aeka1gjwhz@example.com,2023-05-27
792,Dari,qt41cnc4ih@example.com,2023-10-11
793,Feliza,0iflczibxz@example.com,2023-01-03
794,Micheline,68aardwa3r@example.com,2023-05-20
795,Aaren,ofy4cx6u5z@example.com,2023-09-22
796,Fernande,m2hghuxujg@example.com,2023-11-24
797,Amii,w0o7t6s3z5@example.com,2023-02-28
798,Judy,n99lqgqwyh@example.com,2023-05-09
799,Pollyanna,63b5bi16l9@example.com,2023-06-03
800,Lorenza,proxfbhqze@example.com,2023-02-09
801,Nataline,i0qv3qpexe@example.com,2023-11-01
802,Shell,5xzc99koi1@example.com,2023-07-29
803,Misha,g86pp5o84j@example.com,2023-05-09
804,Vinita,ciz3k2rfpy@example.com,2023-12-30
805,Raquela,u5u058vian@example.com,2023-11-18
806,Vanessa,nafyiwijtx@example.com,2023-04-29
807,Concettina,xuc5xwk2om@example.com,2023-05-04
808,Corry,tp620x2lo1@example.com,2023-10-09
809,Edith,jwuq5ij870@example.com,2023-05-12
810,Gabi,9hnagej2eq@example.com,2023-03-15
811,Dominga,jh50e753k8@example.com,2023-06-09
812,Myrtice,mbsel88ox4@example.com,2023-01-22
813,Rayna,mr0gj5fmxl@example.com,2023-09-10
814,Jeanna,xb9kwp9xn9@example.com,2023-01-28
815,Bee,c2zg31xg47@example.com,2023-06-27
816,Meriel,tjulov45ro@example.com,2023-09-24
817,Madeleine,wrj64n3fxd@example.com,2023-11-27
818,Chastity,92r4jx3qk9@example.com,2023-02-03
819,Lisette,8bxfntt468@example.com,2023-11-13
820,Dulce,gnmxwp7a4k@example.com,2023-09-24
821,Sabina,1rqid1t62q@example.com,2023-01-20
822,Cissiee,nlysyavkxn@example.com,2023-05-20
823,Wilma,z1wmjerqwc@example.com,2023-07-07
824,Dyann,4x044lcxtg@example.com,2023-08-17
825,Drucie,eab25qkl21@example.com,2023-10-10
826,Starla,8ejwcebfo7@example.com,2023-08-06
827,Tierney,yq97be1g0j@example.com,2023-09-04
828,Livvyy,y5b8b83aie@example.com,2023-03-26
829,Sheree,vya8il2q9t@example.com,2023-11-03
830,Kimmy,nwkawqhnti@example.com,2023-07-09
831,Gusella,dx9bpb54nt@example.com,2023-06-30
832,Iseabal,k56s6fakrk@example.com,2023-07-19
833,Ofilia,jiq7lpwz6l@example.com,2023-06-11
834,Sam,c5n5pp4ha0@example.com,2023-06-30
835,Ofilia,9da9mh6grl@example.com,2023-05-15
836,Alex,elio050r06@example.com,2023-04-03
837,Christal,t1xenyixpk@example.com,2023-03-25
838,Eve,gvklngjifs@example.com,2023-08-11
839,Maridel,ga4mclzkxk@example.com,2023-02-28
840,Blondelle,o7oltrrrcs@example.com,2023-06-23
841,Charissa,lzxdw8ukuz@example.com,2023-05-24
842,Wynne,gdoxxcdf5b@example.com,2023-06-24
843,Myriam,tis2tiom5z@example.com,2023-03-06
844,Corly,vn0tynpkqe@example.com,2023-05-02
845,Molli,ef305y6q6s@example.com,2023-02-24
846,Adelle,qyruuku036@example.com,2023-03-12
847,Joelly,b9myin5fng@example.com,2023-01-25
848,Zsa Zsa,rof7b87f9v@example.com,2023-06-17
849,Janey,34eifpyeni@example.com,2023-08-04
850,Peri,hdv77lwchi@example.com,2023-12-27
851,Peri,gmrawpqv8c@example.com,2023-12-07
852,Jorry,piv9aklk7z@example.com,2023-08-24
853,Leia,9m29v82rlk@example.com,2023-12-22
854,Dulcinea,bvc1xdygrq@example.com,2023-06-11
855,Ruthe,m3lcxsf2yj@example.com,2023-08-24
856,Margalo,zdr0jhsep4@example.com,2023-06-26
857,Ayn,ypexid5edc@example.com,2023-05-24
858,Ebonee,esg2995wao@example.com,2023-07-09
859,Carolina,3hqsqzfyw1@example.com,2023-10-02
860,Ursulina,hbx8k9p5a4@example.com,2023-01-01
861,Oralee,lr8bgt4ko4@example.com,2023-06-04
862,Eugine,v10s3pf23o@example.com,2023-03-05
863,Farrah,yt5senlnrt@example.com,2023-05-31
864,Elora,qapujhffy6@example.com,2023-09-13
865,Bee,n9y44hqlfs@example.com,2023-08-25
866,Rubie,r33uqzdidc@example.com,2023-11-09
867,Maurene,eljtubxdhh@example.com,2023-02-07
868,Dari,4k32wraokx@example.com,2023-06-30
869,Constance,cbdoya0793@example.com,2023-01-19
870,Briney,c1c7ifwtbs@example.com,2023-12-20
871,Celene,emvy6i1byt@example.com,2023-11-04
872,Mignon,swky6gmzsu@example.com,2023-08-28
873,Glynnis,rs80f81f41@example.com,2023-08-05
874,Feliza,3y6m139yd8@example.com,2023-12-18
875,Rochette,mjyanoj4t0@example.com,2023-07-23
876,Vivia,c7uuqlgzv3@example.com,2023-01-04
877,Merle,etwdqq649h@example.com,2023-08-15
878,Elvira,twkll270je@example.com,2023-11-25
879,Korrie,vxc3ehuw1e@example.com,2023-10-27
880,Ketti,q42osfulki@example.com,2023-09-22
881,Jere,ki15lyowtv@example.com,2023-05-24
882,Ada,zezsafqzoj@example.com,2023-07-13
883,Belva,mc52noh305@example.com,2023-01-07
884,Nollie,bvgx6gqc9a@example.com,2023-05-11
885,Minne,y97k5w5zsu@example.com,2023-01-26
886,Lucille,rkg6iyh4oa@example.com,2023-02-11
887,Flo,6jcyybeosk@example.com,2023-04-29
888,Ekaterina,j00r81c9c1@example.com,2023-04-27
889,Anica,uc5mlpunc6@example.com,2023-05-22
890,Ketti,uxugmlzlky@example.com,2023-12-21
891,Reeba,qlxmob7dpb@example.com,2023-04-21
892,Sheelagh,hoz9z8cia5@example.com,2023-07-31
893,Ebonee,xounzfvn11@example.com,2023-02-02
894,Ira,bxxlxuz7bk@example.com,2023-10-06
895,Edee,727g6jqjgt@example.com,2023-02-11
896,Constance,or3hr3zrbg@example.com,2023-11-04
897,Phylis,21hwfy5s5m@example.com,2023-04-11
898,Katuscha,pqltag7ua2@example.com,2023-10-28
899,Fernande,1m7sdypduo@example.com,2023-01-30
900,Christian,gmcacy2bu0@example.com,2023-05-03
901,Ariela,i51tr6a2v6@example.com,2023-10-09
902,Starla,2y7bh5dag1@example.com,2023-11-19
903,Misha,1x39dv2mif@example.com,2023-11-24
904,Briney,mkonbaggoa@example.com,2023-02-04
905,Aaren,ltc0jnwi90@example.com,2023-01-30
906,Grier,g4bcn0ycg0@example.com,2023-06-05
907,Devina,74hjnyhx3j@example.com,2023-07-22
908,Lynnea,mrlxud53da@example.com,2023-01-12
909,Lita,68fatseilh@example.com,2023-07-28
910,Mamie,wn3y6yzkjj@example.com,2023-03-12
911,Ivett,902hwv8sps@example.com,2023-04-07
912,Amii,f7of6y3sy4@example.com,2023-07-04
913,Jany,6u4uge5zck@example.com,2023-09-04
914,Adelle,q1tm74dbyf@example.com,2023-06-23
915,Romona,3lvo8ocxz6@example.com,2023-11-12
916,Loree,qysvuidmzh@example.com,2023-04-07
917,Ardeen,kst32tto22@example.com,2023-10-01
918,Keelia,821zk3epmb@example.com,2023-08-14
919,Corry,rq3fgfby2s@example.com,2023-04-04
920,Ricky,n4fr6rlg28@example.com,2023-07-24
921,Trixi,oevoeuej3w@example.com,2023-09-29
922,Phylis,c9vexnnklp@example.com,2023-10-01
923,Roz,xjd5i5r5b5@example.com,2023-05-31
924,Ezmeralda,9s6gbkmeqq@example.com,2023-01-10
925,Iseabal,kyy4x33gls@example.com,2023-12-09
926,Evaleen,dgmm7bqi0f@example.com,2023-04-03
927,Taffy,unpyt1nxku@example.com,2023-05-08
928,Imojean,agw708v0rh@example.com,2023-01-27
929,Ruthe,aoxtq7r03i@example.com,2023-03-25
930,Gilda,hv9cuqgb09@example.com,2023-07-30
931,Marika,54ambc2yqi@example.com,2023-08-18
932,Helena,9ivheohxix@example.com,2023-05-05
933,Agnese,milf2t8mze@example.com,2023-08-18
934,Genovera,d515p30hyc@example.com,2023-09-19
935,Demetris,5cjw326t8o@example.com,2023-04-19
936,Sara-Ann,y6ulayz04e@example.com,2023-01-02
937,Mureil,jyc2prt396@example.com,2023-07-31
938,Cherrita,hdkb3sqkwp@example.com,2023-05-08
939,Rosene,1658by5783@example.com,2023-03-10
940,Josephine,p0ljiamul9@example.com,2023-10-19
941,Sean,z4n8mfky07@example.com,2023-07-28
942,Jeanna,bhbxi7cix4@example.com,2023-11-21
943,Darlleen,kq20w3zvwj@example.com,2023-02-14
944,Sashenka,jqteoiqubf@example.com,2023-09-10
945,Cindelyn,xih607l45q@example.com,2023-01-20
946,Allyce,3mpd79dbpl@example.com,2023-03-12
947,Jan,sy333z54ff@example.com,2023-09-02
948,Desirae,v3mt1f8ieo@example.com,2023-05-02
949,Marsiella,8h813tu51e@example.com,2023-05-19
950,Dede,66vzzl7j7b@example.com,2023-04-30
951,Fredericka,yvbiqmzkev@example.com,2023-08-25
952,Annabela,0slbeb4y4j@example.com,2023-03-26
953,Kathy,1exiqejalr@example.com,2023-02-21
954,Hettie,qi7vw3mchi@example.com,2023-07-16
955,Stacey,767sa5t0yf@example.com,2023-12-20
956,Alexine,sn00mmombx@example.com,2023-02-18
957,Jaclyn,t9mq5tcpdj@example.com,2023-06-13
958,Kellen,0rw6uwc8nn@example.com,2023-01-21
959,Merci,39n4brw11b@example.com,2023-08-20
960,Kara-Lynn,4kqfbxch25@example.com,2023-07-15
961,Olivette,hid29imap4@example.com,2023-05-18
962,Celisse,2y7q68f1el@example.com,2023-01-24
963,Ardenia,w28g72k6ha@example.com,2023-03-28
964,Maisey,8ehgh00q5l@example.com,2023-09-07
965,Phylis,7rryu1h4zu@example.com,2023-03-13
966,Almeta,vdqvlbi5a7@example.com,2023-12-20
967,Tani,gfbvj5s771@example.com,2023-04-04
968,Karolina,ffh58vqapv@example.com,2023-01-14
969,Orsola,0kc61ilm5g@example.com,2023-04-11
970,Teddie,c56rund99p@example.com,2023-05-30
971,Linzy,rxnx25a395@example.com,2023-09-03
972,Vevay,chjqw2elid@example.com,2023-08-20
973,Marjie,90i6o1jugs@example.com,2023-02-13
974,Clarice,ozlva52j0g@example.com,2023-06-14
975,Beverley,qngbipy0ta@example.com,2023-10-05
976,Aurelie,5gnin910th@example.com,2023-12-11
977,Orelia,jznp9t3tr7@example.com,2023-01-28
978,Brianna,7gq7vifoni@example.com,2023-08-13
979,Stacey,vaj623tatb@example.com,2023-08-01
980,Althea,dfl4dwm5kf@example.com,2023-01-01
981,Tabbatha,0h6x8c69kj@example.com,2023-09-01
982,Concettina,saor4dhk4b@example.com,2023-02-13
983,Aryn,dks3k3gsfi@example.com,2023-08-09
984,Letizia,r69fha2f5d@example.com,2023-02-03
985,Atlanta,hglo9f8l9w@example.com,2023-05-02
986,Nanete,ifanv8dwc0@example.com,2023-01-29
987,Kathy,z2nqkbakvf@example.com,2023-10-03
988,Drucie,d4a78qpixa@example.com,2023-02-11
989,Briney,nczf8lcjnb@example.com,2023-02-17
990,Shannah,83mwcfmi7g@example.com,2023-03-29
991,Alleen,xhdattftql@example.com,2023-03-22
992,Britni,x8v72mv6jt@example.com,2023-12-07
993,Doralynne,b59u7a6gxx@example.com,2023-07-08
994,Cathie,v4f9rvj1uz@example.com,2023-02-17
995,Tomasina,05qfirkvma@example.com,2023-10-08
996,Marnia,b1agqf1232@example.com,2023-05-02
997,Eugine,5zcsmrgwcw@example.com,2023-09-02
998,Sissy,2226r0ubf4@example.com,2023-01-17
999,Nerta,v3dz3i7mj5@example.com,2023-11-24
1000,Teddie,6spqcod8oj@example.com,2023-05-03